{
    "n_components": 2,
    "startprob": [
        1.0,
        0.0
    ],
    "transmat": [
        [
            0.4603174603091004,
            0.5396825396908996
        ],
        [
            0.4501655020210366,
            0.5498344979789633
        ]
    ],
    "means": [
        [
            1.0
        ],
        [
            0.0
        ]
    ],
    "covars": [
        [
            [
                4.407227853680035e-06
            ]
        ],
        [
            [
                3.677822728944465e-06
            ]
        ]
    ]
}